ID,lineage,lineage_countries_seen,lineage_first_seen,lineage_last_seen
4A-22-104,Asian SEA4_A1.2,Philippines,2012,2019
4A-22-171,Asian SEA4_A1.1.2,Philippines,2013,2019
4A-22-203,Asian SEA4_A1.1.2,Philippines,2013,2019
4A-22-40,Asian SEA4_A1.2,Philippines,2012,2019
4A-22-98,Asian SEA4_A1.2,Philippines,2012,2019
4B-21-126,Asian SEA4_A1.1.2,Philippines,2013,2019
4B-21-29,Asian SEA4_A1.1.2,Philippines,2013,2019
4B-21-310,Asian SEA4_A1.1.2,Philippines,2013,2019
4B-21-35,Asian SEA4_A1.1.2,Philippines,2013,2019
4B-21-412,Asian SEA4_A1.1.2,Philippines,2013,2019
4B-21-421,Asian SEA4_A1.1.2,Philippines,2013,2019
4B-21-423,Asian SEA4_A1.1.2,Philippines,2013,2019
4B-21-528,Asian SEA4_A1.1.2,Philippines,2013,2019
4B-21622,Asian SEA4_A1.1.2,Philippines,2013,2019
4B-22-114,Asian SEA4_A1.1.2,Philippines,2013,2019
4B-22-13,Asian SEA4_A1.2,Philippines,2012,2019
4B-22-15,Asian SEA4_A1.1.2,Philippines,2013,2019
4B-22-16,Asian SEA4_A1.2,Philippines,2012,2019
4B-22-17,Asian SEA4_A1.2,Philippines,2012,2019
4B-22-20,Asian SEA4_A1.2,Philippines,2012,2019
4B-22-21,Asian SEA4_A1.2,Philippines,2012,2019
4B-22-28,Asian SEA4_A1.1.2,Philippines,2013,2019
4B-22-30,Asian SEA4_A1.1.2,Philippines,2013,2019
4B-22-31,Asian SEA4_A1.2,Philippines,2012,2019
4B-22-35,Asian SEA4_A1.2,Philippines,2012,2019
4B-22-37,Asian SEA4_A1.2,Philippines,2012,2019
4B-22-39,Asian SEA4_A1.2,Philippines,2012,2019
4B-22-40,Asian SEA4_A1.2,Philippines,2012,2019
4B-22-41,Asian SEA4_A1.2,Philippines,2012,2019
4B-22-42,Asian SEA4_A1.2,Philippines,2012,2019
4B-22-44,Asian SEA4_A1.2,Philippines,2012,2019
4B-22-45,Asian SEA4_A1.2,Philippines,2012,2019
4B-23-01,Asian SEA4_A1.2,Philippines,2012,2019
4B-23-02,Asian SEA4_A1.2,Philippines,2012,2019
4B-23-03,Asian SEA4_A1.1.2,Philippines,2013,2019
4B-23-04,Asian SEA4_A1.1.2,Philippines,2013,2019
4B-23-05,Asian SEA4_A1.2,Philippines,2012,2019
4B-23-06,Asian SEA4_A1.2,Philippines,2012,2019
4B-23-07,Asian SEA4_A1.2,Philippines,2012,2019
4B-23-11,Asian SEA4_A1.2,Philippines,2012,2019
4B-23-13,Asian SEA4_A1.2,Philippines,2012,2019
4B-23-15,Asian SEA4_A1.2,Philippines,2012,2019
4B-23-16,Asian SEA4_A1.2,Philippines,2012,2019
4B-23-17,Asian SEA4_A1.2,Philippines,2012,2019
4B-23-19,Asian SEA4_A1.2,Philippines,2012,2019
4B-2422,Asian SEA4_A1.1.2,Philippines,2013,2019
4B-2922HM,Asian SEA4_A1.1.2,Philippines,2013,2019
4B-2922JG,Asian SEA4_A1.2,Philippines,2012,2019
H-23-011Sa11,Asian SEA4_A1.2,Philippines,2012,2019
H-23-011Sk12,Asian SEA4_A1.1.2,Philippines,2013,2019
R1-21-148,Asian SEA4_A1.2,Philippines,2012,2019
R10-688,Asian SEA4_A1.2,Philippines,2012,2019
R10-711,Asian SEA4_A1.2,Philippines,2012,2019
R10-824,Asian SEA4_A1.2,Philippines,2012,2019
R10-856,Asian SEA4_A1.2,Philippines,2012,2019
R10-907,Asian SEA4_A1.2,Philippines,2012,2019
R10-920,Asian SEA4_A1.2,Philippines,2012,2019
R10-989,Asian SEA4_A1.2,Philippines,2012,2019
R10-990,Asian SEA4_A1.2,Philippines,2012,2019
R11-21-61,Asian SEA4_A1.2,Philippines,2012,2019
R11-21-63,Asian SEA4_A1.2,Philippines,2012,2019
R11-22-001,Asian SEA4_A1.2,Philippines,2012,2019
R11-22-002,Asian SEA4_A1.2,Philippines,2012,2019
R2-081,Asian_A1.1.1,China,1994,2015
R3-731,Asian SEA4_A1.2,Philippines,2012,2019
R5-09,Asian SEA4_A1.2,Philippines,2012,2019
R5-21-115,Asian SEA4_A1.2,Philippines,2012,2019
R5-21-119,Asian SEA4_A1.2,Philippines,2012,2019
R5-21-128,Asian SEA4_A1.2,Philippines,2012,2019
R5-21-132,Asian SEA4_A1.2,Philippines,2012,2019
R5-21-136,Asian SEA4_A1.2,Philippines,2012,2019
R5-21-140,Asian SEA4_A1.2,Philippines,2012,2019
R5-22-008,Asian SEA4_A1.2,Philippines,2012,2019
R6-21-4375,Asian SEA4_A1,"c(""Japan"", ""Philippines"")",1994,2020
R6-21-4511,Asian SEA4_A1.2,Philippines,2012,2019
R6-21-4600,Asian SEA4_A1,"c(""Japan"", ""Philippines"")",1994,2020
R6-4342,Asian SEA4_A1,"c(""Japan"", ""Philippines"")",1994,2020
R6-4568,Asian SEA4_A1,"c(""Japan"", ""Philippines"")",1994,2020
R7-21-161,Asian SEA4_A1,"c(""Japan"", ""Philippines"")",1994,2020
R9-010,Asian SEA4_A1.2,Philippines,2012,2019
R9-074,Asian SEA4_A1.2,Philippines,2012,2019
R9-089,Asian SEA4_A1.2,Philippines,2012,2019
R9-105,Asian SEA4_A1.2,Philippines,2012,2019
RADDL3-1045,Asian SEA4_A1.2,Philippines,2012,2019
RADDL3-15-172,Asian SEA4_A1.2,Philippines,2012,2019
RADDL3-16-468,Asian SEA4_A1.2,Philippines,2012,2019
RADDL3-16-627,Asian SEA4_A1.2,Philippines,2012,2019
RADDL3-845,Asian SEA4_A1.2,Philippines,2012,2019
RADDL5-005,Asian SEA4_A1.2,Philippines,2012,2019
Z-04-664,Asian SEA4_A1.2,Philippines,2012,2019
Z-05-102,Asian SEA4_A1.1.2,Philippines,2013,2019
Z-05-191,Asian SEA4_A1.2,Philippines,2012,2019
Z-05-557,Asian SEA4_A1.2,Philippines,2012,2019
Z-05-96,Asian SEA4_A1.2,Philippines,2012,2019
Z-06-150,Asian SEA4_A1,"c(""Japan"", ""Philippines"")",1994,2020
Z-06-295,Asian SEA4_A1.1.2,Philippines,2013,2019
Z-06-39,Asian SEA4_A1.2,Philippines,2012,2019
Z-07-07,Asian SEA4_A1.1.2,Philippines,2013,2019
Z-07-22,Asian SEA4_A1.1.2,Philippines,2013,2019
Z-07-222,Asian SEA4_A1.1.2,Philippines,2013,2019
Z-07-351,Asian SEA4_A1.1.2,Philippines,2013,2019
Z-07-366,Asian SEA4_A1.2,Philippines,2012,2019
Z-07-38,Asian SEA4_A1.1.2,Philippines,2013,2019
Z-07-387,Asian SEA4_A1.2,Philippines,2012,2019
Z-07-398,Asian SEA4_A1.1.2,Philippines,2013,2019
Z-07-403,Asian SEA4_A1.1.2,Philippines,2013,2019
Z-07-407,Asian SEA4_A1.1.2,Philippines,2013,2019
Z-08-351,Asian SEA4_A1.1.2,Philippines,2013,2019
Z-08-359,Asian SEA4_A1,"c(""Japan"", ""Philippines"")",1994,2020
Z-09-94,Asian SEA4_A1.1.2,Philippines,2013,2019
Z-12-012,Asian SEA4_A1.1.2,Philippines,2013,2019
Z-12-029,Asian SEA4_A1.2,Philippines,2012,2019
Z-12-034,Asian SEA4_A1,"c(""Japan"", ""Philippines"")",1994,2020
Z-12-060,Asian SEA4_A1.2,Philippines,2012,2019
Z-12-149,Asian SEA4_A1.1.2,Philippines,2013,2019
Z-12-208,Asian SEA4_A1.2,Philippines,2012,2019
Z-13-020,Asian SEA4_A1.1.2,Philippines,2013,2019
Z-13-032,Asian SEA4_A1.1.2,Philippines,2013,2019
Z-13-036,Asian SEA4_A1.1.2,Philippines,2013,2019
Z-13-037,Asian SEA4_A1,"c(""Japan"", ""Philippines"")",1994,2020
Z-13-065,Asian SEA4_A1,"c(""Japan"", ""Philippines"")",1994,2020
Z-13-066,Asian SEA4_A1.1.2,Philippines,2013,2019
Z-13-071,Asian SEA4_A1.1.2,Philippines,2013,2019
Z-13-073,Asian SEA4_A1.1.2,Philippines,2013,2019
Z-13-081,Asian SEA4_A1,"c(""Japan"", ""Philippines"")",1994,2020
Z-13-086,Asian SEA4_A1.1.2,Philippines,2013,2019
Z-13-089,Asian SEA4_A1.1.2,Philippines,2013,2019
Z-13-094,Asian SEA4_A1.1.2,Philippines,2013,2019
Z-13-096,Asian SEA4_A1.1.2,Philippines,2013,2019
Z-13-098,Asian SEA4_A1,"c(""Japan"", ""Philippines"")",1994,2020
Z-13-134,Asian SEA4_A1.1.2,Philippines,2013,2019
Z-13-135,Asian SEA4_A1.1.2,Philippines,2013,2019
Z-13-161,Asian SEA4_A1.1.2,Philippines,2013,2019
Z-13-171,Asian SEA4_A1,"c(""Japan"", ""Philippines"")",1994,2020
Z-13-184,Asian SEA4_A1,"c(""Japan"", ""Philippines"")",1994,2020
Z-13-204,Asian SEA4_A1,"c(""Japan"", ""Philippines"")",1994,2020
Z-13-216,Asian SEA4_A1,"c(""Japan"", ""Philippines"")",1994,2020
Z-13-234,Asian SEA4_A1,"c(""Japan"", ""Philippines"")",1994,2020
Z-13-259,Asian SEA4_A1.1.2,Philippines,2013,2019
Z-14-023,Asian SEA4_A1.2,Philippines,2012,2019
Z-14-033,Asian SEA4_A1.2,Philippines,2012,2019
Z-14-05,Asian SEA4_A1.1.2,Philippines,2013,2019
Z-14-058,Asian SEA4_A1.1.2,Philippines,2013,2019
Z-14-098,Asian SEA4_A1.1.2,Philippines,2013,2019
Z-14-101,Asian SEA4_A1.2,Philippines,2012,2019
Z-14-106,Asian SEA4_A1.1.2,Philippines,2013,2019
Z-14-126,Asian SEA4_A1.1.2,Philippines,2013,2019
Z-14-136,Asian SEA4_A1.1.2,Philippines,2013,2019
Z-14-142,Asian SEA4_A1.1.2,Philippines,2013,2019
Z-14-182,Asian SEA4_A1.2,Philippines,2012,2019
Z-14-243,Asian SEA4_A1,"c(""Japan"", ""Philippines"")",1994,2020
Z-15-001,Asian SEA4_A1.1.2,Philippines,2013,2019
Z-15-009,Asian SEA4_A1.2,Philippines,2012,2019
Z-15-163,Asian SEA4_A1.1.2,Philippines,2013,2019
Z-16-082,Asian SEA4_A1.1.2,Philippines,2013,2019
Z-16-150,Asian SEA4_A1.2,Philippines,2012,2019
Z-16-151,Asian SEA4_A1.2,Philippines,2012,2019
Z-16-196,Asian SEA4_A1.1.2,Philippines,2013,2019
Z-16-209,Asian SEA4_A1,"c(""Japan"", ""Philippines"")",1994,2020
Z-16-210,Asian SEA4_A1.1.2,Philippines,2013,2019
Z-16-211,Asian SEA4_A1.1.2,Philippines,2013,2019
Z-17-046,Asian SEA4_A1.1.2,Philippines,2013,2019
Z-17-174,Asian SEA4_A1.1.2,Philippines,2013,2019
Z-17-177,Asian SEA4_A1.1.2,Philippines,2013,2019
Z-17-193,Asian SEA4_A1.1.2,Philippines,2013,2019
Z-17-200,Asian SEA4_A1.2,Philippines,2012,2019
Z-17-221,Asian SEA4_A1.1.2,Philippines,2013,2019
Z-17-57,Asian SEA4_A1,"c(""Japan"", ""Philippines"")",1994,2020
Z-18-001,Asian SEA4_A1.1.2,Philippines,2013,2019
Z-18-114,Asian SEA4_A1.1.2,Philippines,2013,2019
Z-18-159,Asian SEA4_A1.2,Philippines,2012,2019
Z-18-224,Asian SEA4_A1.2,Philippines,2012,2019
Z-18-251,Asian SEA4_A1.1.2,Philippines,2013,2019
Z-19-029,Asian SEA4_A1,"c(""Japan"", ""Philippines"")",1994,2020
Z-19-123,Asian SEA4_A1.1.2,Philippines,2013,2019
Z-19-136,Asian SEA4_A1.2,Philippines,2012,2019
Z-19-88,Asian SEA4_A1.2,Philippines,2012,2019
Z-20-01,Asian SEA4_A1.1.2,Philippines,2013,2019
Z-20-110,Asian SEA4_A1.2,Philippines,2012,2019
Z-20-24,Asian SEA4_A1.2,Philippines,2012,2019
Z-20-33,Asian SEA4_A1.1.2,Philippines,2013,2019
Z-20-51,Asian SEA4_A1.2,Philippines,2012,2019
Z-22-103,Asian SEA4_A1.2,Philippines,2012,2019
Z-22-121,Asian SEA4_A1.1.2,Philippines,2013,2019
Z-23-01,Asian SEA4_A1.2,Philippines,2012,2019
Z-23-01Sa,Asian SEA4_A1.2,Philippines,2012,2019
Z-98-1061,Asian SEA4_A1,"c(""Japan"", ""Philippines"")",1994,2020
Z-98-134,Asian SEA4_A1,"c(""Japan"", ""Philippines"")",1994,2020
Z-98-206,Asian SEA4_A1,"c(""Japan"", ""Philippines"")",1994,2020
Z-98-285,Asian SEA4_A1,"c(""Japan"", ""Philippines"")",1994,2020
Z-98-286,Asian SEA4_A1,"c(""Japan"", ""Philippines"")",1994,2020
Z-98-335,Asian SEA4_A1.2,Philippines,2012,2019
Z-98-433,Asian SEA4_A1.2,Philippines,2012,2019
Z-98-454,Asian SEA4_A1,"c(""Japan"", ""Philippines"")",1994,2020
Z-98-515,Asian SEA4_A1.1.2,Philippines,2013,2019
Z-98-616,Asian SEA4_A1.2,Philippines,2012,2019
Z-98-667,Asian SEA4_A1,"c(""Japan"", ""Philippines"")",1994,2020
Z-98-712,Asian SEA4_A1,"c(""Japan"", ""Philippines"")",1994,2020
Z-98-718,Asian SEA4_A1,"c(""Japan"", ""Philippines"")",1994,2020
Z-98-780,Asian SEA4_A1,"c(""Japan"", ""Philippines"")",1994,2020
Z-98-838,Asian SEA4_A1.2,Philippines,2012,2019
Z-98-860,Asian SEA4_A1,"c(""Japan"", ""Philippines"")",1994,2020